wavelength,spectral data
200.0,-0.2
201.0,3.05
202.0,1.82
203.0,2.13
204.0,2.81
205.0,3.14
206.0,2.97
207.0,-0.66
208.0,-0.16
209.0,2.54
210.0,2.74
211.0,4.41
212.0,1.84
213.0,4.43
214.0,2.5
215.0,0.19
216.0,3.05
217.0,0.81
218.0,0.67
219.0,1.87
220.0,2.44
221.0,2.8
222.0,2.12
223.0,0.26
224.0,-0.58
225.0,-0.96
226.0,-2.08
227.0,0.46
228.0,0.87
229.0,-0.7
230.0,-0.56
231.0,2.12
232.0,0.07
233.0,-0.64
234.0,-0.41
235.0,1.29
236.0,0.19
237.0,0.33
238.0,0.97
239.0,1.13
240.0,-1.46
241.0,0.52
242.0,2.09
243.0,1.38
244.0,-1.6
245.0,-2.1
246.0,0.07
247.0,3.1
248.0,0.53
249.0,-2.28
250.0,0.52
251.0,2.53
252.0,2.79
253.0,3.23
254.0,1.08
255.0,7.68
256.0,-0.09
257.0,-0.55
258.0,2.08
259.0,0.41
260.0,2.48
261.0,-1.74
262.0,-0.76
263.0,-0.33
264.0,0.07
265.0,2.18
266.0,2.91
267.0,2.01
268.0,3.95
269.0,2.42
270.0,0.54
271.0,0.54
272.0,0.03
273.0,-0.39
274.0,2.23
275.0,-2.37
276.0,2.92
277.0,2.41
278.0,4.64
279.0,4.33
280.0,3.72
281.0,-0.29
282.0,6.7
283.0,0.55
284.0,0.28
285.0,0.95
286.0,-0.14
287.0,0.45
288.0,0.43
289.0,0.36
290.0,3.73
291.0,3.09
292.0,2.21
293.0,2.04
294.0,0.46
295.0,3.3
296.0,3.32
297.0,1.43
298.0,4.22
299.0,2.48
300.0,0.62
301.0,-0.05
302.0,2.96
303.0,4.11
304.0,1.89
305.0,-0.11
306.0,0.21
307.0,3.08
308.0,2.31
309.0,0.61
310.0,0.76
311.0,-1.6
312.0,-3.26
313.0,-0.57
314.0,3.68
315.0,-1.33
316.0,0.15
317.0,-1.94
318.0,-3.37
319.0,0.07
320.0,3.46
321.0,-0.7
322.0,-1.93
323.0,1.64
324.0,-0.28
325.0,3.63
326.0,2.56
327.0,3.58
328.0,2.72
329.0,0.34
330.0,0.41
331.0,-1.15
332.0,4.82
333.0,2.19
334.0,2.27
335.0,1.72
336.0,1.95
337.0,2.48
338.0,-1.94
339.0,-0.47
340.0,1.78
341.0,0.16
342.0,-0.07
343.0,1.92
344.0,4.59
345.0,-1.44
346.0,-0.51
347.0,-0.4
348.0,-0.53
349.0,3.03
350.0,4.09
351.0,0.98
352.0,-1.67
353.0,-1.87
354.0,-2.1
355.0,2.38
356.0,-0.69
357.0,-3.54
358.0,-1.31
359.0,0.46
360.0,1.74
361.0,1.31
362.0,-0.41
363.0,-0.18
364.0,-2.18
365.0,1.57
366.0,1.94
367.0,3.41
368.0,1.45
369.0,-0.82
370.0,2.4
371.0,-2.7
372.0,0.16
373.0,-3.46
374.0,0.27
375.0,-0.21
376.0,0.97
377.0,-1.19
378.0,-1.23
379.0,-1.56
380.0,-3.18
381.0,3.75
382.0,-0.61
383.0,-0.63
384.0,1.26
385.0,-0.59
386.0,1.0
387.0,3.18
388.0,-0.26
389.0,0.04
390.0,2.62
391.0,2.83
392.0,2.65
393.0,-4.11
394.0,3.41
395.0,1.64
396.0,2.5
397.0,2.1
398.0,-0.61
399.0,-1.0
400.0,-1.48
401.0,3.99
402.0,1.41
403.0,2.61
404.0,-0.01
405.0,2.59
406.0,-0.12
407.0,-0.46
408.0,1.87
409.0,-0.28
410.0,-3.35
411.0,1.34
412.0,-1.4
413.0,3.22
414.0,-0.95
415.0,-1.2
416.0,-1.72
417.0,1.02
418.0,-2.27
419.0,1.02
420.0,1.44
421.0,-0.99
422.0,-1.24
423.0,0.34
424.0,4.19
425.0,2.7
426.0,-0.68
427.0,-1.11
428.0,1.97
429.0,4.93
430.0,0.81
431.0,0.62
432.0,-1.14
433.0,2.78
434.0,1.73
435.0,-1.19
436.0,1.48
437.0,2.4
438.0,5.37
439.0,3.53
440.0,3.3
441.0,1.37
442.0,0.95
443.0,5.17
444.0,0.91
445.0,5.71
446.0,2.76
447.0,1.28
448.0,1.43
449.0,-0.39
450.0,-0.52
451.0,3.62
452.0,2.61
453.0,0.47
454.0,1.3
455.0,2.61
456.0,2.61
457.0,-0.23
458.0,3.5
459.0,0.66
460.0,0.44
461.0,-0.99
462.0,-1.45
463.0,1.77
464.0,-4.21
465.0,-0.56
466.0,-1.14
467.0,2.25
468.0,0.08
469.0,2.16
470.0,2.37
471.0,-0.83
472.0,3.59
473.0,1.42
474.0,1.87
475.0,0.78
476.0,-0.65
477.0,3.03
478.0,1.17
479.0,3.06
480.0,4.89
481.0,1.86
482.0,1.31
483.0,2.15
484.0,3.07
485.0,3.36
486.0,-0.71
487.0,2.12
488.0,1.54
489.0,5.75
490.0,3.02
491.0,5.29
492.0,1.73
493.0,-0.21
494.0,2.4
495.0,3.96
496.0,2.55
497.0,3.92
498.0,-0.8
499.0,1.56
500.0,2.82
501.0,2.81
502.0,3.45
503.0,-0.36
504.0,1.35
505.0,1.95
506.0,3.76
507.0,1.02
508.0,0.91
509.0,0.06
510.0,2.66
511.0,3.72
512.0,1.89
513.0,4.8
514.0,0.7
515.0,0.87
516.0,1.9
517.0,1.94
518.0,3.1
519.0,4.44
520.0,-1.2
521.0,-0.33
522.0,0.64
523.0,3.44
524.0,-0.17
525.0,0.9
526.0,2.52
527.0,3.45
528.0,4.52
529.0,4.85
530.0,1.43
531.0,3.04
532.0,3.16
533.0,5.09
534.0,4.76
535.0,4.59
536.0,4.68
537.0,3.78
538.0,2.67
539.0,0.37
540.0,3.29
541.0,6.46
542.0,3.58
543.0,1.94
544.0,5.51
545.0,5.82
546.0,5.16
547.0,4.19
548.0,8.0
549.0,4.73
550.0,3.78
551.0,5.35
552.0,4.42
553.0,7.75
554.0,5.14
555.0,3.06
556.0,5.57
557.0,5.91
558.0,6.96
559.0,7.15
560.0,9.17
561.0,8.47
562.0,6.58
563.0,8.98
564.0,5.68
565.0,7.83
566.0,4.76
567.0,6.87
568.0,7.78
569.0,5.07
570.0,10.3
571.0,7.34
572.0,6.87
573.0,6.09
574.0,11.65
575.0,12.6
576.0,13.34
577.0,13.78
578.0,9.55
579.0,14.3
580.0,13.6
581.0,13.37
582.0,19.89
583.0,17.97
584.0,18.23
585.0,22.04
586.0,21.6
587.0,24.17
588.0,30.31
589.0,28.67
590.0,32.72
591.0,34.97
592.0,36.16
593.0,39.56
594.0,45.47
595.0,50.77
596.0,49.15
597.0,56.46
598.0,63.23
599.0,69.87
600.0,72.42
601.0,81.04
602.0,91.25
603.0,104.83
604.0,114.38
605.0,123.58
606.0,137.96
607.0,148.77
608.0,163.82
609.0,185.13
610.0,207.78
611.0,224.72
612.0,249.23
613.0,278.32
614.0,304.49
615.0,335.04
616.0,371.57
617.0,409.81
618.0,453.79
619.0,495.68
620.0,550.94
621.0,607.28
622.0,662.88
623.0,723.82
624.0,795.02
625.0,869.12
626.0,953.25
627.0,1043.77
628.0,1143.63
629.0,1250.72
630.0,1368.47
631.0,1494.04
632.0,1625.43
633.0,1770.15
634.0,1929.2
635.0,2095.2
636.0,2251.86
637.0,2413.09
638.0,2567.47
639.0,2715.33
640.0,2860.43
641.0,2980.41
642.0,3083.45
643.0,3152.31
644.0,3187.55
645.0,3202.08
646.0,3184.39
647.0,3142.71
648.0,3074.73
649.0,2985.03
650.0,2875.02
651.0,2756.23
652.0,2625.09
653.0,2491.77
654.0,2351.34
655.0,2201.68
656.0,2065.4
657.0,1927.57
658.0,1785.46
659.0,1651.33
660.0,1511.82
661.0,1391.56
662.0,1266.51
663.0,1151.3
664.0,1049.95
665.0,947.54
666.0,855.33
667.0,770.31
668.0,695.73
669.0,626.36
670.0,556.05
671.0,494.12
672.0,438.94
673.0,383.98
674.0,340.65
675.0,296.94
676.0,260.88
677.0,225.62
678.0,197.86
679.0,175.94
680.0,150.52
681.0,132.66
682.0,115.57
683.0,100.8
684.0,88.25
685.0,75.47
686.0,66.16
687.0,61.0
688.0,54.04
689.0,44.2
690.0,39.13
691.0,32.86
692.0,37.77
693.0,30.95
694.0,27.92
695.0,27.41
696.0,25.12
697.0,20.65
698.0,19.15
699.0,19.18
700.0,18.85
701.0,13.24
702.0,17.82
703.0,13.3
704.0,11.75
705.0,10.25
706.0,9.85
707.0,10.4
708.0,10.08
709.0,10.93
710.0,8.67
711.0,8.61
712.0,10.72
713.0,9.17
714.0,6.07
715.0,10.47
716.0,7.03
717.0,7.97
718.0,7.23
719.0,4.63
720.0,5.84
721.0,9.54
722.0,5.99
723.0,5.2
724.0,5.36
725.0,10.2
726.0,6.12
727.0,7.01
728.0,6.46
729.0,7.57
730.0,6.93
731.0,4.76
732.0,4.08
733.0,3.75
734.0,2.11
735.0,5.15
736.0,2.7
737.0,5.84
738.0,3.2
739.0,-0.32
740.0,6.38
741.0,0.27
742.0,-1.26
743.0,2.38
744.0,3.89
745.0,2.78
746.0,4.29
747.0,1.58
748.0,2.54
749.0,4.42
750.0,2.8
751.0,2.86
752.0,2.98
753.0,6.7
754.0,3.97
755.0,2.26
756.0,5.44
757.0,4.59
758.0,2.39
759.0,3.96
760.0,2.46
761.0,4.12
762.0,-0.7
763.0,3.39
764.0,-0.51
765.0,3.53
766.0,4.37
767.0,1.23
768.0,3.27
769.0,2.42
770.0,1.9
771.0,3.99
772.0,0.78
773.0,1.23
774.0,4.33
775.0,2.39
776.0,4.26
777.0,3.73
778.0,1.89
779.0,4.38
780.0,5.13
781.0,4.11
782.0,-0.53
783.0,2.02
784.0,2.28
785.0,0.22
786.0,4.68
787.0,2.3
788.0,4.97
789.0,3.04
790.0,2.41
791.0,5.4
792.0,-0.5
793.0,0.73
794.0,1.58
795.0,2.45
796.0,2.39
797.0,4.04
798.0,2.6
799.0,-4.11
800.0,1.85
801.0,1.46
802.0,3.55
803.0,3.02
804.0,1.88
805.0,0.09
806.0,0.17
807.0,-2.06
808.0,0.91
809.0,1.26
810.0,-1.36
811.0,0.14
812.0,5.33
813.0,1.98
814.0,1.43
815.0,-2.03
816.0,3.56
817.0,1.32
818.0,1.17
819.0,2.15
820.0,2.86
821.0,-0.36
822.0,-0.2
823.0,0.8
824.0,-1.56
825.0,1.06
826.0,2.85
827.0,2.2
828.0,4.72
829.0,1.17
830.0,1.66
831.0,0.64
832.0,0.77
833.0,0.08
834.0,2.07
835.0,1.87
836.0,1.9
837.0,0.03
838.0,1.7
839.0,3.92
840.0,2.66
841.0,0.35
842.0,-0.25
843.0,-0.43
844.0,-0.17
845.0,0.53
846.0,0.2
847.0,1.85
848.0,-2.58
849.0,-3.39
850.0,-4.14
